
{
	"cmc" : 
	[
		[ 0, 100000 ],
		[ 0.9907572269439697, 1.0 ]
	],
	"roc" : 
	[
		[ 0.0, 8.300000445160549e-06, 1.0 ],
		[ 0.9822304844856262, 0.9922543168067932, 1.0 ]
	],
	"traditional_cmc" : 
	[
		[ 0, 100079 ],
		[ 0.9914782643318176, 0.9999985694885254 ]
	]
}
