
{
	"cmc" : 
	[
		[ 0, 11, 1000000 ],
		[ 0.9827186465263367, 0.9927359819412231, 1.0 ]
	],
	"roc" : 
	[
		
		[
			0.0,
			9.999999939225290e-09,
			1.999999987845058e-08,
			3.999999975690116e-08,
			5.999999785899490e-08,
			6.999999868639861e-08,
			1.000000011686097e-07,
			9.799999816095806e-07,
			0.03629668056964874,
			1.0
		],
		
		[
			0.7787598967552185,
			0.8558522462844849,
			0.8777874708175659,
			0.915552556514740,
			0.9451032876968384,
			0.9660101532936096,
			0.9781428575515747,
			0.9882447719573975,
			0.9982556104660034,
			1.0
		]
	],
	"traditional_cmc" : 
	[
		[ 0, 4, 1000079 ],
		[ 0.9823768138885498, 0.9925796985626221, 0.9999975562095642 ]
	]
}
